{"cameraMode":{"drawMode":0,"name":"Shaded","section":"Shading Mode"},"sceneLighting":true,"audioPlay":false,"sceneViewState":{"showFog":true,"showMaterialUpdate":false,"showSkybox":true,"showFlares":true,"showImageEffects":true,"showParticleSystems":true},"in2DMode":false,"pivot":{"x":-0.1427556276321411,"y":0.5781132578849793,"z":-7.621896743774414},"rotation":{"x":-0.00562167027965188,"y":0.9845793843269348,"z":-0.17185890674591065,"w":-0.032206278294324878},"size":1.858182430267334,"orthographic":false}